date,campaign_id,ad_set_id,creative_id,segment_code,channel,impressions,clicks,spend_thb,reach
2026-09-01,DCO2026,AS-FHB,CR-A-ratecut,FHB,line,7930,181,775.47,4488
2026-09-01,DCO2026,AS-FHB,CR-B-calculator,FHB,line,12626,353,1411.35,8582
2026-09-01,DCO2026,AS-FAM,CR-C-familyhome,FAM,facebook,4582,80,518.3,2457
2026-09-01,DCO2026,AS-SAE,CR-D-bizasset,SAE,line,2485,57,253.55,1303
2026-09-01,DCO2026,AS-OPT,CR-E-refi-save,OPT,google,8156,151,769.97,6418
2026-09-01,DCO2026,AS-MRL,CR-F-payless,MRL,google,3623,85,359.58,2563
2026-09-01,DCO2026,AS-FHB,CR-G-firsthome,FHB,facebook,13920,317,1392.66,8055
2026-09-01,DCO2026,AS-OPT,CR-H-refi-fast,OPT,google,4903,78,573.3,3007
2026-09-02,DCO2026,AS-FHB,CR-A-ratecut,FHB,google,18621,373,1973.03,10891
2026-09-02,DCO2026,AS-FHB,CR-B-calculator,FHB,facebook,10942,269,876.83,7178
2026-09-02,DCO2026,AS-FAM,CR-C-familyhome,FAM,facebook,8238,204,863.0,4316
2026-09-02,DCO2026,AS-SAE,CR-D-bizasset,SAE,facebook,3603,62,370.45,1910
2026-09-02,DCO2026,AS-OPT,CR-E-refi-save,OPT,facebook,9775,236,880.47,5656
2026-09-02,DCO2026,AS-MRL,CR-F-payless,MRL,google,2332,37,266.29,1188
2026-09-02,DCO2026,AS-FHB,CR-G-firsthome,FHB,line,17076,314,1840.18,9397
2026-09-02,DCO2026,AS-OPT,CR-H-refi-fast,OPT,facebook,11608,199,1117.92,7622
2026-09-03,DCO2026,AS-FHB,CR-A-ratecut,FHB,google,11479,238,1236.19,6344
2026-09-03,DCO2026,AS-FHB,CR-B-calculator,FHB,facebook,22243,431,1706.63,14703
2026-09-03,DCO2026,AS-FAM,CR-C-familyhome,FAM,google,6122,104,758.85,3183
2026-09-03,DCO2026,AS-SAE,CR-D-bizasset,SAE,google,3543,39,319.53,2065
2026-09-03,DCO2026,AS-OPT,CR-E-refi-save,OPT,facebook,9160,190,664.6,5434
2026-09-03,DCO2026,AS-MRL,CR-F-payless,MRL,google,5118,97,406.42,3250
2026-09-03,DCO2026,AS-FHB,CR-G-firsthome,FHB,facebook,9222,163,1005.59,4610
2026-09-03,DCO2026,AS-OPT,CR-H-refi-fast,OPT,facebook,9098,166,717.3,5375
2026-09-04,DCO2026,AS-FHB,CR-A-ratecut,FHB,display,13660,321,1561.12,8308
2026-09-04,DCO2026,AS-FHB,CR-B-calculator,FHB,line,10644,238,839.36,6407
2026-09-04,DCO2026,AS-FAM,CR-C-familyhome,FAM,facebook,12563,242,1011.34,6752
2026-09-04,DCO2026,AS-SAE,CR-D-bizasset,SAE,facebook,3875,85,448.36,2126
2026-09-04,DCO2026,AS-OPT,CR-E-refi-save,OPT,facebook,12598,246,1370.95,6871
2026-09-04,DCO2026,AS-MRL,CR-F-payless,MRL,google,5303,132,583.53,2886
2026-09-04,DCO2026,AS-FHB,CR-G-firsthome,FHB,google,21281,353,2095.58,9573
2026-09-04,DCO2026,AS-OPT,CR-H-refi-fast,OPT,facebook,10098,337,928.78,6123
2026-09-05,DCO2026,AS-FHB,CR-A-ratecut,FHB,google,9814,260,796.17,5992
2026-09-05,DCO2026,AS-FHB,CR-B-calculator,FHB,line,28561,477,2155.25,18198
2026-09-05,DCO2026,AS-FAM,CR-C-familyhome,FAM,facebook,3708,113,336.85,1958
2026-09-05,DCO2026,AS-SAE,CR-D-bizasset,SAE,facebook,5733,120,440.02,2852
2026-09-05,DCO2026,AS-OPT,CR-E-refi-save,OPT,facebook,8675,165,851.68,5019
2026-09-05,DCO2026,AS-MRL,CR-F-payless,MRL,facebook,5353,91,724.78,3424
2026-09-05,DCO2026,AS-FHB,CR-G-firsthome,FHB,facebook,23108,398,1858.49,14746
2026-09-05,DCO2026,AS-OPT,CR-H-refi-fast,OPT,line,10837,155,1080.36,5698
2026-09-06,DCO2026,AS-FHB,CR-A-ratecut,FHB,google,11218,220,673.83,5789
2026-09-06,DCO2026,AS-FHB,CR-B-calculator,FHB,facebook,13682,271,1644.34,7231
2026-09-06,DCO2026,AS-FAM,CR-C-familyhome,FAM,facebook,9482,181,1082.85,5869
2026-09-06,DCO2026,AS-SAE,CR-D-bizasset,SAE,display,5740,141,556.39,3152
2026-09-06,DCO2026,AS-OPT,CR-E-refi-save,OPT,facebook,14352,373,1613.13,7998
2026-09-06,DCO2026,AS-MRL,CR-F-payless,MRL,facebook,10348,120,918.32,5693
2026-09-06,DCO2026,AS-FHB,CR-G-firsthome,FHB,google,16434,255,1423.25,8354
2026-09-06,DCO2026,AS-OPT,CR-H-refi-fast,OPT,google,7295,181,707.68,4011
2026-09-07,DCO2026,AS-FHB,CR-A-ratecut,FHB,line,23450,425,2735.75,12101
2026-09-07,DCO2026,AS-FHB,CR-B-calculator,FHB,google,17795,429,1766.72,9903
2026-09-07,DCO2026,AS-FAM,CR-C-familyhome,FAM,facebook,4573,81,371.24,2475
2026-09-07,DCO2026,AS-SAE,CR-D-bizasset,SAE,facebook,5267,95,506.47,2734
2026-09-07,DCO2026,AS-OPT,CR-E-refi-save,OPT,display,13660,337,928.21,9451
2026-09-07,DCO2026,AS-MRL,CR-F-payless,MRL,google,4292,129,315.81,2513
2026-09-07,DCO2026,AS-FHB,CR-G-firsthome,FHB,facebook,15211,310,1471.83,9093
2026-09-07,DCO2026,AS-OPT,CR-H-refi-fast,OPT,facebook,11723,231,1212.4,7174
2026-09-08,DCO2026,AS-FHB,CR-A-ratecut,FHB,facebook,18848,475,2028.29,10889
2026-09-08,DCO2026,AS-FHB,CR-B-calculator,FHB,google,11154,92,1026.3,5207
2026-09-08,DCO2026,AS-FAM,CR-C-familyhome,FAM,line,16489,329,1895.41,10346
2026-09-08,DCO2026,AS-SAE,CR-D-bizasset,SAE,google,3292,46,353.07,1630
2026-09-08,DCO2026,AS-OPT,CR-E-refi-save,OPT,display,8160,111,574.2,5812
2026-09-08,DCO2026,AS-MRL,CR-F-payless,MRL,facebook,6423,101,599.59,3741
2026-09-08,DCO2026,AS-FHB,CR-G-firsthome,FHB,google,23598,461,2155.89,12876
2026-09-08,DCO2026,AS-OPT,CR-H-refi-fast,OPT,display,18201,436,1764.98,9426
2026-09-09,DCO2026,AS-FHB,CR-A-ratecut,FHB,facebook,30999,728,2614.23,15697
2026-09-09,DCO2026,AS-FHB,CR-B-calculator,FHB,facebook,7273,141,810.82,3647
2026-09-09,DCO2026,AS-FAM,CR-C-familyhome,FAM,google,12422,215,1133.51,7194
2026-09-09,DCO2026,AS-SAE,CR-D-bizasset,SAE,google,2838,100,276.08,1669
2026-09-09,DCO2026,AS-OPT,CR-E-refi-save,OPT,display,15190,248,1599.78,7560
2026-09-09,DCO2026,AS-MRL,CR-F-payless,MRL,line,9734,225,684.89,5519
2026-09-09,DCO2026,AS-FHB,CR-G-firsthome,FHB,facebook,7632,202,572.13,5055
2026-09-09,DCO2026,AS-OPT,CR-H-refi-fast,OPT,facebook,12269,277,909.7,7950
2026-09-10,DCO2026,AS-FHB,CR-A-ratecut,FHB,facebook,21207,556,1831.5,13212
2026-09-10,DCO2026,AS-FHB,CR-B-calculator,FHB,line,37684,636,4385.31,19433
2026-09-10,DCO2026,AS-FAM,CR-C-familyhome,FAM,line,11982,211,1226.15,6457
2026-09-10,DCO2026,AS-SAE,CR-D-bizasset,SAE,facebook,6187,182,447.87,3117
2026-09-10,DCO2026,AS-OPT,CR-E-refi-save,OPT,line,17233,329,1411.05,10012
2026-09-10,DCO2026,AS-MRL,CR-F-payless,MRL,google,10932,256,934.15,5880
2026-09-10,DCO2026,AS-FHB,CR-G-firsthome,FHB,line,11455,205,1153.29,5816
2026-09-10,DCO2026,AS-OPT,CR-H-refi-fast,OPT,google,11072,245,1147.92,6330
2026-09-11,DCO2026,AS-FHB,CR-A-ratecut,FHB,facebook,10308,262,1169.66,5302
2026-09-11,DCO2026,AS-FHB,CR-B-calculator,FHB,line,23612,338,1877.8,14069
2026-09-11,DCO2026,AS-FAM,CR-C-familyhome,FAM,google,11872,169,865.18,6787
2026-09-11,DCO2026,AS-SAE,CR-D-bizasset,SAE,facebook,3984,97,411.21,2283
2026-09-11,DCO2026,AS-OPT,CR-E-refi-save,OPT,line,25462,440,2636.14,16412
2026-09-11,DCO2026,AS-MRL,CR-F-payless,MRL,facebook,9233,218,807.0,4732
2026-09-11,DCO2026,AS-FHB,CR-G-firsthome,FHB,google,16807,411,1487.95,9749
2026-09-11,DCO2026,AS-OPT,CR-H-refi-fast,OPT,line,26271,225,2372.96,14290
2026-09-12,DCO2026,AS-FHB,CR-A-ratecut,FHB,google,17805,364,1840.02,9065
2026-09-12,DCO2026,AS-FHB,CR-B-calculator,FHB,google,26925,609,2816.72,13766
2026-09-12,DCO2026,AS-FAM,CR-C-familyhome,FAM,display,5983,105,559.78,2979
2026-09-12,DCO2026,AS-SAE,CR-D-bizasset,SAE,facebook,2892,69,326.72,1584
2026-09-12,DCO2026,AS-OPT,CR-E-refi-save,OPT,facebook,6913,106,498.57,3955
2026-09-12,DCO2026,AS-MRL,CR-F-payless,MRL,facebook,10191,88,1097.58,5569
2026-09-12,DCO2026,AS-FHB,CR-G-firsthome,FHB,facebook,48258,1074,5055.08,33390
2026-09-12,DCO2026,AS-OPT,CR-H-refi-fast,OPT,display,12393,251,1110.12,8247
2026-09-13,DCO2026,AS-FHB,CR-A-ratecut,FHB,display,23149,587,1910.0,14995
2026-09-13,DCO2026,AS-FHB,CR-B-calculator,FHB,google,18674,361,2067.0,11511
2026-09-13,DCO2026,AS-FAM,CR-C-familyhome,FAM,google,7154,157,757.06,3652
2026-09-13,DCO2026,AS-SAE,CR-D-bizasset,SAE,line,4762,74,433.75,2896
2026-09-13,DCO2026,AS-OPT,CR-E-refi-save,OPT,line,14938,146,1739.63,8433
2026-09-13,DCO2026,AS-MRL,CR-F-payless,MRL,facebook,11378,166,1179.7,5229
2026-09-13,DCO2026,AS-FHB,CR-G-firsthome,FHB,facebook,22816,564,1472.5,12842
2026-09-13,DCO2026,AS-OPT,CR-H-refi-fast,OPT,facebook,24683,260,2990.75,12097
2026-09-14,DCO2026,AS-FHB,CR-A-ratecut,FHB,facebook,17331,397,2160.87,10507
2026-09-14,DCO2026,AS-FHB,CR-B-calculator,FHB,display,31681,785,3595.65,17347
2026-09-14,DCO2026,AS-FAM,CR-C-familyhome,FAM,facebook,14478,345,1277.15,8799
2026-09-14,DCO2026,AS-SAE,CR-D-bizasset,SAE,google,9028,272,868.21,5033
2026-09-14,DCO2026,AS-OPT,CR-E-refi-save,OPT,facebook,9450,175,1025.5,4543
2026-09-14,DCO2026,AS-MRL,CR-F-payless,MRL,facebook,9284,203,794.29,6373
2026-09-14,DCO2026,AS-FHB,CR-G-firsthome,FHB,google,25035,283,2774.61,12633
2026-09-14,DCO2026,AS-OPT,CR-H-refi-fast,OPT,line,15814,244,1803.15,8177
2026-09-15,DCO2026,AS-FHB,CR-A-ratecut,FHB,google,19236,401,1691.03,11027
2026-09-15,DCO2026,AS-FHB,CR-B-calculator,FHB,google,16335,364,1630.64,10634
2026-09-15,DCO2026,AS-FAM,CR-C-familyhome,FAM,display,8737,134,842.31,4581
2026-09-15,DCO2026,AS-SAE,CR-D-bizasset,SAE,facebook,4554,42,365.28,2587
2026-09-15,DCO2026,AS-OPT,CR-E-refi-save,OPT,display,11138,203,1016.86,5722
2026-09-15,DCO2026,AS-MRL,CR-F-payless,MRL,display,8503,182,1194.71,4487
2026-09-15,DCO2026,AS-FHB,CR-G-firsthome,FHB,google,14879,302,1434.86,6522
2026-09-15,DCO2026,AS-OPT,CR-H-refi-fast,OPT,facebook,15649,344,1287.16,8546
2026-09-16,DCO2026,AS-FHB,CR-A-ratecut,FHB,facebook,19850,352,1792.51,12022
2026-09-16,DCO2026,AS-FHB,CR-B-calculator,FHB,google,19950,340,1911.76,10244
2026-09-16,DCO2026,AS-FAM,CR-C-familyhome,FAM,facebook,10309,257,820.52,5267
2026-09-16,DCO2026,AS-SAE,CR-D-bizasset,SAE,facebook,5392,89,454.75,2409
2026-09-16,DCO2026,AS-OPT,CR-E-refi-save,OPT,google,13038,267,1094.25,6182
2026-09-16,DCO2026,AS-MRL,CR-F-payless,MRL,facebook,4052,93,353.7,2035
2026-09-16,DCO2026,AS-FHB,CR-G-firsthome,FHB,facebook,18479,406,1876.7,8163
2026-09-16,DCO2026,AS-OPT,CR-H-refi-fast,OPT,facebook,11835,336,1223.88,7349
2026-09-17,DCO2026,AS-FHB,CR-A-ratecut,FHB,facebook,8132,143,761.35,4625
2026-09-17,DCO2026,AS-FHB,CR-B-calculator,FHB,google,18424,342,2193.63,10921
2026-09-17,DCO2026,AS-FAM,CR-C-familyhome,FAM,facebook,13665,278,1352.32,7508
2026-09-17,DCO2026,AS-SAE,CR-D-bizasset,SAE,facebook,5843,146,321.2,3709
2026-09-17,DCO2026,AS-OPT,CR-E-refi-save,OPT,line,1820,57,156.58,877
2026-09-17,DCO2026,AS-MRL,CR-F-payless,MRL,facebook,6787,148,664.0,3646
2026-09-17,DCO2026,AS-FHB,CR-G-firsthome,FHB,facebook,19422,287,2115.85,12514
2026-09-17,DCO2026,AS-OPT,CR-H-refi-fast,OPT,facebook,13782,336,1122.1,8278
2026-09-18,DCO2026,AS-FHB,CR-A-ratecut,FHB,google,17020,346,1688.6,8473
2026-09-18,DCO2026,AS-FHB,CR-B-calculator,FHB,google,23716,355,2767.89,11084
2026-09-18,DCO2026,AS-FAM,CR-C-familyhome,FAM,facebook,17882,437,1701.83,7361
2026-09-18,DCO2026,AS-SAE,CR-D-bizasset,SAE,facebook,4001,76,363.1,1505
2026-09-18,DCO2026,AS-OPT,CR-E-refi-save,OPT,google,18168,498,1757.4,8933
2026-09-18,DCO2026,AS-MRL,CR-F-payless,MRL,facebook,7247,187,758.22,4306
2026-09-18,DCO2026,AS-FHB,CR-G-firsthome,FHB,google,17387,390,1958.24,12439
2026-09-18,DCO2026,AS-OPT,CR-H-refi-fast,OPT,facebook,12511,222,1319.71,6264
2026-09-19,DCO2026,AS-FHB,CR-A-ratecut,FHB,facebook,29856,653,2641.44,17164
2026-09-19,DCO2026,AS-FHB,CR-B-calculator,FHB,display,13222,203,1541.79,7188
2026-09-19,DCO2026,AS-FAM,CR-C-familyhome,FAM,google,12740,308,1141.62,7118
2026-09-19,DCO2026,AS-SAE,CR-D-bizasset,SAE,line,3604,51,289.74,1888
2026-09-19,DCO2026,AS-OPT,CR-E-refi-save,OPT,facebook,7297,163,640.59,3299
2026-09-19,DCO2026,AS-MRL,CR-F-payless,MRL,display,9265,201,836.48,4671
2026-09-19,DCO2026,AS-FHB,CR-G-firsthome,FHB,facebook,9798,202,1049.65,5146
2026-09-19,DCO2026,AS-OPT,CR-H-refi-fast,OPT,google,11652,223,1277.42,6922
2026-09-20,DCO2026,AS-FHB,CR-A-ratecut,FHB,facebook,31613,791,3344.98,20618
2026-09-20,DCO2026,AS-FHB,CR-B-calculator,FHB,line,14281,353,1391.38,7786
2026-09-20,DCO2026,AS-FAM,CR-C-familyhome,FAM,line,16758,383,1609.5,8621
2026-09-20,DCO2026,AS-SAE,CR-D-bizasset,SAE,facebook,4328,96,400.71,1799
2026-09-20,DCO2026,AS-OPT,CR-E-refi-save,OPT,line,10415,177,1187.71,5232
2026-09-20,DCO2026,AS-MRL,CR-F-payless,MRL,facebook,8509,187,578.43,3856
2026-09-20,DCO2026,AS-FHB,CR-G-firsthome,FHB,facebook,20470,481,2260.35,11180
2026-09-20,DCO2026,AS-OPT,CR-H-refi-fast,OPT,facebook,22736,423,2183.08,13719
2026-09-21,DCO2026,AS-FHB,CR-A-ratecut,FHB,display,5764,82,431.71,3342
2026-09-21,DCO2026,AS-FHB,CR-B-calculator,FHB,google,13839,415,1105.89,7748
2026-09-21,DCO2026,AS-FAM,CR-C-familyhome,FAM,google,10250,219,1005.33,4077
2026-09-21,DCO2026,AS-SAE,CR-D-bizasset,SAE,facebook,5676,133,544.05,3222
2026-09-21,DCO2026,AS-OPT,CR-E-refi-save,OPT,facebook,13581,350,1495.34,6216
2026-09-21,DCO2026,AS-MRL,CR-F-payless,MRL,display,11304,334,1320.18,6494
2026-09-21,DCO2026,AS-FHB,CR-G-firsthome,FHB,facebook,11006,234,952.69,4983
2026-09-21,DCO2026,AS-OPT,CR-H-refi-fast,OPT,facebook,10488,256,979.54,5069
2026-09-22,DCO2026,AS-FHB,CR-A-ratecut,FHB,display,3159,38,361.86,1625
2026-09-22,DCO2026,AS-FHB,CR-B-calculator,FHB,line,20930,506,2222.81,10602
2026-09-22,DCO2026,AS-FAM,CR-C-familyhome,FAM,display,8441,181,820.56,4647
2026-09-22,DCO2026,AS-SAE,CR-D-bizasset,SAE,facebook,2102,54,239.37,1001
2026-09-22,DCO2026,AS-OPT,CR-E-refi-save,OPT,google,18349,480,1297.13,9824
2026-09-22,DCO2026,AS-MRL,CR-F-payless,MRL,facebook,2500,75,214.61,1497
2026-09-22,DCO2026,AS-FHB,CR-G-firsthome,FHB,facebook,17318,492,1686.15,10455
2026-09-22,DCO2026,AS-OPT,CR-H-refi-fast,OPT,facebook,8009,170,941.2,3947
2026-09-23,DCO2026,AS-FHB,CR-A-ratecut,FHB,display,10816,192,1283.65,4495
2026-09-23,DCO2026,AS-FHB,CR-B-calculator,FHB,google,11586,125,1122.06,5681
2026-09-23,DCO2026,AS-FAM,CR-C-familyhome,FAM,line,3634,94,326.53,1847
2026-09-23,DCO2026,AS-SAE,CR-D-bizasset,SAE,line,1034,35,89.69,499
2026-09-23,DCO2026,AS-OPT,CR-E-refi-save,OPT,facebook,6289,76,581.64,2692
2026-09-23,DCO2026,AS-MRL,CR-F-payless,MRL,display,3335,23,265.07,1623
2026-09-23,DCO2026,AS-FHB,CR-G-firsthome,FHB,line,9439,243,955.84,4989
2026-09-23,DCO2026,AS-OPT,CR-H-refi-fast,OPT,google,15442,280,1531.89,6760
2026-09-24,DCO2026,AS-FHB,CR-A-ratecut,FHB,google,14345,290,1161.27,6756
2026-09-24,DCO2026,AS-FHB,CR-B-calculator,FHB,display,14214,408,1903.97,5894
2026-09-24,DCO2026,AS-FAM,CR-C-familyhome,FAM,google,4718,108,605.5,2291
2026-09-24,DCO2026,AS-SAE,CR-D-bizasset,SAE,facebook,2162,36,168.45,1277
2026-09-24,DCO2026,AS-OPT,CR-E-refi-save,OPT,facebook,12980,298,1171.51,7841
2026-09-24,DCO2026,AS-MRL,CR-F-payless,MRL,facebook,4448,60,450.48,1822
2026-09-24,DCO2026,AS-FHB,CR-G-firsthome,FHB,display,21215,518,2201.8,8623
2026-09-24,DCO2026,AS-OPT,CR-H-refi-fast,OPT,google,10962,306,1027.08,5579
2026-09-25,DCO2026,AS-FHB,CR-A-ratecut,FHB,facebook,13225,175,1169.15,6871
2026-09-25,DCO2026,AS-FHB,CR-B-calculator,FHB,facebook,16214,440,1483.0,6733
2026-09-25,DCO2026,AS-FAM,CR-C-familyhome,FAM,facebook,5435,109,521.09,3132
2026-09-25,DCO2026,AS-SAE,CR-D-bizasset,SAE,facebook,2495,32,274.29,1393
2026-09-25,DCO2026,AS-OPT,CR-E-refi-save,OPT,display,9838,195,969.42,4484
2026-09-25,DCO2026,AS-MRL,CR-F-payless,MRL,google,7266,160,603.04,3781
2026-09-25,DCO2026,AS-FHB,CR-G-firsthome,FHB,facebook,5827,115,457.64,2879
2026-09-25,DCO2026,AS-OPT,CR-H-refi-fast,OPT,google,7253,97,725.74,3659
2026-09-26,DCO2026,AS-FHB,CR-A-ratecut,FHB,display,22658,379,2141.79,10648
2026-09-26,DCO2026,AS-FHB,CR-B-calculator,FHB,line,22273,752,2249.63,9241
2026-09-26,DCO2026,AS-FAM,CR-C-familyhome,FAM,google,4883,123,380.83,2367
2026-09-26,DCO2026,AS-SAE,CR-D-bizasset,SAE,google,1532,32,98.59,694
2026-09-26,DCO2026,AS-OPT,CR-E-refi-save,OPT,line,9074,125,928.27,6058
2026-09-26,DCO2026,AS-MRL,CR-F-payless,MRL,google,5492,135,421.66,2711
2026-09-26,DCO2026,AS-FHB,CR-G-firsthome,FHB,facebook,13694,290,1246.83,7540
2026-09-26,DCO2026,AS-OPT,CR-H-refi-fast,OPT,google,11103,268,968.8,6466
2026-09-27,DCO2026,AS-FHB,CR-A-ratecut,FHB,facebook,14563,328,1805.31,8006
2026-09-27,DCO2026,AS-FHB,CR-B-calculator,FHB,facebook,13082,344,1294.39,6662
2026-09-27,DCO2026,AS-FAM,CR-C-familyhome,FAM,display,11165,133,1259.18,4864
2026-09-27,DCO2026,AS-SAE,CR-D-bizasset,SAE,facebook,1031,25,113.14,606
2026-09-27,DCO2026,AS-OPT,CR-E-refi-save,OPT,line,20454,508,1933.53,9927
2026-09-27,DCO2026,AS-MRL,CR-F-payless,MRL,google,4732,86,350.46,2460
2026-09-27,DCO2026,AS-FHB,CR-G-firsthome,FHB,facebook,9854,130,1052.42,5014
2026-09-27,DCO2026,AS-OPT,CR-H-refi-fast,OPT,line,9140,201,728.56,3942
2026-09-28,DCO2026,AS-FHB,CR-A-ratecut,FHB,facebook,17025,349,1333.51,7705
2026-09-28,DCO2026,AS-FHB,CR-B-calculator,FHB,facebook,19041,423,1974.61,7857
2026-09-28,DCO2026,AS-FAM,CR-C-familyhome,FAM,facebook,6400,62,573.58,3161
2026-09-28,DCO2026,AS-SAE,CR-D-bizasset,SAE,google,1546,38,158.21,822
2026-09-28,DCO2026,AS-OPT,CR-E-refi-save,OPT,facebook,10731,167,1220.15,5349
2026-09-28,DCO2026,AS-MRL,CR-F-payless,MRL,facebook,4578,115,423.31,2149
2026-09-28,DCO2026,AS-FHB,CR-G-firsthome,FHB,facebook,13140,293,1321.05,6218
2026-09-28,DCO2026,AS-OPT,CR-H-refi-fast,OPT,facebook,12278,284,1373.28,6913
2026-09-29,DCO2026,AS-FHB,CR-A-ratecut,FHB,line,23244,604,2278.91,11049
2026-09-29,DCO2026,AS-FHB,CR-B-calculator,FHB,facebook,14288,169,1330.89,6674
2026-09-29,DCO2026,AS-FAM,CR-C-familyhome,FAM,google,8257,153,798.85,2995
2026-09-29,DCO2026,AS-SAE,CR-D-bizasset,SAE,google,4715,67,478.28,1824
2026-09-29,DCO2026,AS-OPT,CR-E-refi-save,OPT,display,13129,427,1590.92,7097
2026-09-29,DCO2026,AS-MRL,CR-F-payless,MRL,display,3849,76,364.69,1922
2026-09-29,DCO2026,AS-FHB,CR-G-firsthome,FHB,display,13451,264,1359.94,7980
2026-09-29,DCO2026,AS-OPT,CR-H-refi-fast,OPT,line,8622,146,750.52,4490
2026-09-30,DCO2026,AS-FHB,CR-A-ratecut,FHB,facebook,10051,198,770.44,4614
2026-09-30,DCO2026,AS-FHB,CR-B-calculator,FHB,google,13693,309,981.4,5659
2026-09-30,DCO2026,AS-FAM,CR-C-familyhome,FAM,facebook,4019,94,400.44,2120
2026-09-30,DCO2026,AS-SAE,CR-D-bizasset,SAE,facebook,2790,28,263.42,1456
2026-09-30,DCO2026,AS-OPT,CR-E-refi-save,OPT,display,10250,190,1134.29,6782
2026-09-30,DCO2026,AS-MRL,CR-F-payless,MRL,facebook,3909,94,346.3,1908
2026-09-30,DCO2026,AS-FHB,CR-G-firsthome,FHB,line,12917,272,1146.63,7155
2026-09-30,DCO2026,AS-OPT,CR-H-refi-fast,OPT,facebook,5137,91,599.4,2635
2026-10-01,DCO2026,AS-FHB,CR-A-ratecut,FHB,line,6916,106,616.32,3703
2026-10-01,DCO2026,AS-FHB,CR-B-calculator,FHB,facebook,9011,174,944.38,4330
2026-10-01,DCO2026,AS-FAM,CR-C-familyhome,FAM,google,15396,297,1251.29,9461
2026-10-01,DCO2026,AS-SAE,CR-D-bizasset,SAE,facebook,1708,31,153.17,1001
2026-10-01,DCO2026,AS-OPT,CR-E-refi-save,OPT,line,5334,115,527.8,1985
2026-10-01,DCO2026,AS-MRL,CR-F-payless,MRL,google,9156,192,967.14,5215
2026-10-01,DCO2026,AS-FHB,CR-G-firsthome,FHB,google,19608,450,1880.2,10848
2026-10-01,DCO2026,AS-OPT,CR-H-refi-fast,OPT,facebook,8546,183,753.0,3278
2026-10-02,DCO2026,AS-FHB,CR-A-ratecut,FHB,facebook,12505,239,864.19,4287
2026-10-02,DCO2026,AS-FHB,CR-B-calculator,FHB,display,12712,334,1250.64,7068
2026-10-02,DCO2026,AS-FAM,CR-C-familyhome,FAM,google,8790,167,923.16,4354
2026-10-02,DCO2026,AS-SAE,CR-D-bizasset,SAE,line,3921,131,417.44,1771
2026-10-02,DCO2026,AS-OPT,CR-E-refi-save,OPT,facebook,5836,144,539.12,2249
2026-10-02,DCO2026,AS-MRL,CR-F-payless,MRL,google,3494,66,271.33,1889
2026-10-02,DCO2026,AS-FHB,CR-G-firsthome,FHB,facebook,12891,254,1279.28,6280
2026-10-02,DCO2026,AS-OPT,CR-H-refi-fast,OPT,facebook,12736,201,1292.8,5458
2026-10-03,DCO2026,AS-FHB,CR-A-ratecut,FHB,google,16549,457,1745.91,7343
2026-10-03,DCO2026,AS-FHB,CR-B-calculator,FHB,google,14016,253,1625.22,6905
2026-10-03,DCO2026,AS-FAM,CR-C-familyhome,FAM,facebook,8996,158,897.21,4291
2026-10-03,DCO2026,AS-SAE,CR-D-bizasset,SAE,google,3249,73,260.19,1852
2026-10-03,DCO2026,AS-OPT,CR-E-refi-save,OPT,facebook,8675,124,702.15,4195
2026-10-03,DCO2026,AS-MRL,CR-F-payless,MRL,display,7963,138,768.06,3865
2026-10-03,DCO2026,AS-FHB,CR-G-firsthome,FHB,line,10367,197,571.84,4717
2026-10-03,DCO2026,AS-OPT,CR-H-refi-fast,OPT,google,1831,43,147.74,925
2026-10-04,DCO2026,AS-FHB,CR-A-ratecut,FHB,google,4965,95,405.93,2179
2026-10-04,DCO2026,AS-FHB,CR-B-calculator,FHB,facebook,17043,286,1313.99,7018
2026-10-04,DCO2026,AS-FAM,CR-C-familyhome,FAM,line,6638,111,434.62,3031
2026-10-04,DCO2026,AS-SAE,CR-D-bizasset,SAE,facebook,1249,14,154.89,556
2026-10-04,DCO2026,AS-OPT,CR-E-refi-save,OPT,line,10761,190,1169.86,4977
2026-10-04,DCO2026,AS-MRL,CR-F-payless,MRL,display,4631,114,429.27,2157
2026-10-04,DCO2026,AS-FHB,CR-G-firsthome,FHB,google,15487,326,1435.62,7956
2026-10-04,DCO2026,AS-OPT,CR-H-refi-fast,OPT,facebook,10157,132,1005.97,4544
2026-10-05,DCO2026,AS-FHB,CR-A-ratecut,FHB,facebook,15509,283,1318.21,7269
2026-10-05,DCO2026,AS-FHB,CR-B-calculator,FHB,facebook,13805,216,1430.67,5027
2026-10-05,DCO2026,AS-FAM,CR-C-familyhome,FAM,facebook,9847,197,883.01,3786
2026-10-05,DCO2026,AS-SAE,CR-D-bizasset,SAE,facebook,3571,52,431.66,1574
2026-10-05,DCO2026,AS-OPT,CR-E-refi-save,OPT,google,9682,230,1008.34,4972
2026-10-05,DCO2026,AS-MRL,CR-F-payless,MRL,display,5268,115,397.18,2848
2026-10-05,DCO2026,AS-FHB,CR-G-firsthome,FHB,facebook,3266,68,318.74,1310
2026-10-05,DCO2026,AS-OPT,CR-H-refi-fast,OPT,facebook,7954,129,837.08,3560
2026-10-06,DCO2026,AS-FHB,CR-A-ratecut,FHB,google,9058,161,882.54,3922
2026-10-06,DCO2026,AS-FHB,CR-B-calculator,FHB,facebook,17268,445,1670.73,10258
2026-10-06,DCO2026,AS-FAM,CR-C-familyhome,FAM,line,5432,105,550.35,2231
2026-10-06,DCO2026,AS-SAE,CR-D-bizasset,SAE,google,2779,76,253.47,1207
2026-10-06,DCO2026,AS-OPT,CR-E-refi-save,OPT,facebook,3675,78,355.57,1974
2026-10-06,DCO2026,AS-MRL,CR-F-payless,MRL,facebook,3470,74,382.79,1700
2026-10-06,DCO2026,AS-FHB,CR-G-firsthome,FHB,display,12213,216,1306.62,5432
2026-10-06,DCO2026,AS-OPT,CR-H-refi-fast,OPT,facebook,6793,175,625.53,3103
2026-10-07,DCO2026,AS-FHB,CR-A-ratecut,FHB,line,21763,370,2240.47,10338
2026-10-07,DCO2026,AS-FHB,CR-B-calculator,FHB,facebook,13806,292,1366.95,6396
2026-10-07,DCO2026,AS-FAM,CR-C-familyhome,FAM,facebook,8427,141,831.78,3982
2026-10-07,DCO2026,AS-SAE,CR-D-bizasset,SAE,facebook,2380,57,215.88,1067
2026-10-07,DCO2026,AS-OPT,CR-E-refi-save,OPT,display,6812,139,774.03,2616
2026-10-07,DCO2026,AS-MRL,CR-F-payless,MRL,facebook,4538,97,431.61,3106
2026-10-07,DCO2026,AS-FHB,CR-G-firsthome,FHB,google,8707,191,737.2,4106
2026-10-07,DCO2026,AS-OPT,CR-H-refi-fast,OPT,google,6990,129,730.24,3124
2026-10-08,DCO2026,AS-FHB,CR-A-ratecut,FHB,facebook,9165,161,723.74,4010
2026-10-08,DCO2026,AS-FHB,CR-B-calculator,FHB,line,12994,285,1633.29,6201
2026-10-08,DCO2026,AS-FAM,CR-C-familyhome,FAM,google,2719,37,281.92,1599
2026-10-08,DCO2026,AS-SAE,CR-D-bizasset,SAE,facebook,1967,48,183.87,857
2026-10-08,DCO2026,AS-OPT,CR-E-refi-save,OPT,google,8871,162,815.06,3294
2026-10-08,DCO2026,AS-MRL,CR-F-payless,MRL,display,6258,131,524.86,3547
2026-10-08,DCO2026,AS-FHB,CR-G-firsthome,FHB,facebook,12776,232,1084.47,5220
2026-10-08,DCO2026,AS-OPT,CR-H-refi-fast,OPT,line,10712,270,835.36,5082
2026-10-09,DCO2026,AS-FHB,CR-A-ratecut,FHB,google,8393,162,711.02,3820
2026-10-09,DCO2026,AS-FHB,CR-B-calculator,FHB,google,18444,310,1756.5,9641
2026-10-09,DCO2026,AS-FAM,CR-C-familyhome,FAM,google,4205,110,334.07,1984
2026-10-09,DCO2026,AS-SAE,CR-D-bizasset,SAE,google,3312,86,340.1,1280
2026-10-09,DCO2026,AS-OPT,CR-E-refi-save,OPT,facebook,12427,140,1351.03,5217
2026-10-09,DCO2026,AS-MRL,CR-F-payless,MRL,facebook,974,30,66.45,359
2026-10-09,DCO2026,AS-FHB,CR-G-firsthome,FHB,google,12787,285,1352.41,5010
2026-10-09,DCO2026,AS-OPT,CR-H-refi-fast,OPT,facebook,14254,309,1283.25,6089
2026-10-10,DCO2026,AS-FHB,CR-A-ratecut,FHB,google,18343,320,1635.04,6716
2026-10-10,DCO2026,AS-FHB,CR-B-calculator,FHB,line,2931,75,281.92,1245
2026-10-10,DCO2026,AS-FAM,CR-C-familyhome,FAM,display,7498,165,771.89,3039
2026-10-10,DCO2026,AS-SAE,CR-D-bizasset,SAE,google,2644,93,300.38,1234
2026-10-10,DCO2026,AS-OPT,CR-E-refi-save,OPT,facebook,9771,248,961.2,4347
2026-10-10,DCO2026,AS-MRL,CR-F-payless,MRL,google,3491,77,339.27,1722
2026-10-10,DCO2026,AS-FHB,CR-G-firsthome,FHB,display,17715,450,1191.04,7047
2026-10-10,DCO2026,AS-OPT,CR-H-refi-fast,OPT,facebook,13431,275,1430.3,7111
2026-10-11,DCO2026,AS-FHB,CR-A-ratecut,FHB,google,16333,378,1844.48,6615
2026-10-11,DCO2026,AS-FHB,CR-B-calculator,FHB,display,23081,456,2694.05,10555
2026-10-11,DCO2026,AS-FAM,CR-C-familyhome,FAM,facebook,5693,142,537.38,2205
2026-10-11,DCO2026,AS-SAE,CR-D-bizasset,SAE,facebook,2567,60,224.36,1044
2026-10-11,DCO2026,AS-OPT,CR-E-refi-save,OPT,google,12718,257,1062.91,4591
2026-10-11,DCO2026,AS-MRL,CR-F-payless,MRL,google,4322,84,449.76,1761
2026-10-11,DCO2026,AS-FHB,CR-G-firsthome,FHB,google,5789,103,417.74,3241
2026-10-11,DCO2026,AS-OPT,CR-H-refi-fast,OPT,google,14999,261,951.25,6748
2026-10-12,DCO2026,AS-FHB,CR-A-ratecut,FHB,google,11274,213,1414.85,5892
2026-10-12,DCO2026,AS-FHB,CR-B-calculator,FHB,display,12626,163,1230.21,6000
2026-10-12,DCO2026,AS-FAM,CR-C-familyhome,FAM,line,4369,71,480.32,1620
2026-10-12,DCO2026,AS-SAE,CR-D-bizasset,SAE,display,3080,46,407.95,1261
2026-10-12,DCO2026,AS-OPT,CR-E-refi-save,OPT,facebook,7970,210,825.5,3885
2026-10-12,DCO2026,AS-MRL,CR-F-payless,MRL,display,4383,125,303.16,2237
2026-10-12,DCO2026,AS-FHB,CR-G-firsthome,FHB,facebook,6912,118,620.92,3051
2026-10-12,DCO2026,AS-OPT,CR-H-refi-fast,OPT,google,12686,218,1321.61,6675
2026-10-13,DCO2026,AS-FHB,CR-A-ratecut,FHB,line,20658,496,2508.53,9970
2026-10-13,DCO2026,AS-FHB,CR-B-calculator,FHB,google,22261,466,2401.33,9430
2026-10-13,DCO2026,AS-FAM,CR-C-familyhome,FAM,facebook,10761,194,1197.37,4126
2026-10-13,DCO2026,AS-SAE,CR-D-bizasset,SAE,google,4545,82,452.16,1857
2026-10-13,DCO2026,AS-OPT,CR-E-refi-save,OPT,google,18944,505,1659.11,11868
2026-10-13,DCO2026,AS-MRL,CR-F-payless,MRL,facebook,9161,202,1063.63,3884
2026-10-13,DCO2026,AS-FHB,CR-G-firsthome,FHB,google,8943,244,831.76,3905
2026-10-13,DCO2026,AS-OPT,CR-H-refi-fast,OPT,line,31500,665,2784.99,13176
2026-10-14,DCO2026,AS-FHB,CR-A-ratecut,FHB,google,25340,587,2124.01,9181
2026-10-14,DCO2026,AS-FHB,CR-B-calculator,FHB,display,9393,220,860.71,5614
2026-10-14,DCO2026,AS-FAM,CR-C-familyhome,FAM,google,4673,45,312.2,2217
2026-10-14,DCO2026,AS-SAE,CR-D-bizasset,SAE,line,4062,84,465.48,1653
2026-10-14,DCO2026,AS-OPT,CR-E-refi-save,OPT,facebook,24205,553,2482.73,13333
2026-10-14,DCO2026,AS-MRL,CR-F-payless,MRL,facebook,10837,250,916.58,3986
2026-10-14,DCO2026,AS-FHB,CR-G-firsthome,FHB,google,33201,530,3649.48,13883
2026-10-14,DCO2026,AS-OPT,CR-H-refi-fast,OPT,line,26714,633,1963.09,10547
2026-10-15,DCO2026,AS-FHB,CR-A-ratecut,FHB,google,32865,372,3804.4,15454
2026-10-15,DCO2026,AS-FHB,CR-B-calculator,FHB,facebook,22145,347,1608.78,8725
2026-10-15,DCO2026,AS-FAM,CR-C-familyhome,FAM,google,8266,84,901.2,3163
2026-10-15,DCO2026,AS-SAE,CR-D-bizasset,SAE,line,8953,172,790.3,3785
2026-10-15,DCO2026,AS-OPT,CR-E-refi-save,OPT,facebook,26183,436,2152.05,11067
2026-10-15,DCO2026,AS-MRL,CR-F-payless,MRL,facebook,8396,217,884.1,3533
2026-10-15,DCO2026,AS-FHB,CR-G-firsthome,FHB,google,25802,442,2291.45,12650
2026-10-15,DCO2026,AS-OPT,CR-H-refi-fast,OPT,google,37021,442,3543.28,16436
2026-10-16,DCO2026,AS-FHB,CR-A-ratecut,FHB,display,22724,474,1726.95,10036
2026-10-16,DCO2026,AS-FHB,CR-B-calculator,FHB,line,21377,407,2259.01,8817
2026-10-16,DCO2026,AS-FAM,CR-C-familyhome,FAM,facebook,8803,178,907.78,3375
2026-10-16,DCO2026,AS-SAE,CR-D-bizasset,SAE,facebook,5759,111,433.09,2889
2026-10-16,DCO2026,AS-OPT,CR-E-refi-save,OPT,facebook,6670,165,606.17,2935
2026-10-16,DCO2026,AS-MRL,CR-F-payless,MRL,line,12205,267,1318.15,4434
2026-10-16,DCO2026,AS-FHB,CR-G-firsthome,FHB,facebook,28353,631,1586.03,13582
2026-10-16,DCO2026,AS-OPT,CR-H-refi-fast,OPT,facebook,14829,349,1394.23,7185
2026-10-17,DCO2026,AS-FHB,CR-A-ratecut,FHB,google,21343,536,2434.36,8952
2026-10-17,DCO2026,AS-FHB,CR-B-calculator,FHB,facebook,21919,459,2669.24,8505
2026-10-17,DCO2026,AS-FAM,CR-C-familyhome,FAM,facebook,6298,194,569.09,2707
2026-10-17,DCO2026,AS-SAE,CR-D-bizasset,SAE,google,4329,111,365.19,1590
2026-10-17,DCO2026,AS-OPT,CR-E-refi-save,OPT,facebook,23218,618,2472.64,8996
2026-10-17,DCO2026,AS-MRL,CR-F-payless,MRL,facebook,7067,165,741.63,2743
2026-10-17,DCO2026,AS-FHB,CR-G-firsthome,FHB,facebook,27454,528,2977.33,11026
2026-10-17,DCO2026,AS-OPT,CR-H-refi-fast,OPT,facebook,11448,347,1254.11,3787
2026-10-18,DCO2026,AS-FHB,CR-A-ratecut,FHB,google,18327,363,1640.39,8056
2026-10-18,DCO2026,AS-FHB,CR-B-calculator,FHB,facebook,12871,246,1304.95,7436
2026-10-18,DCO2026,AS-FAM,CR-C-familyhome,FAM,line,10820,204,1022.28,3834
2026-10-18,DCO2026,AS-SAE,CR-D-bizasset,SAE,display,3822,97,397.59,1738
2026-10-18,DCO2026,AS-OPT,CR-E-refi-save,OPT,facebook,13922,349,1357.7,5875
2026-10-18,DCO2026,AS-MRL,CR-F-payless,MRL,google,3282,48,295.75,1201
2026-10-18,DCO2026,AS-FHB,CR-G-firsthome,FHB,google,20407,295,2199.97,11017
2026-10-18,DCO2026,AS-OPT,CR-H-refi-fast,OPT,facebook,17594,279,2142.78,8984
2026-10-19,DCO2026,AS-FHB,CR-A-ratecut,FHB,google,13482,366,1273.98,7235
2026-10-19,DCO2026,AS-FHB,CR-B-calculator,FHB,display,22381,477,2330.43,10613
2026-10-19,DCO2026,AS-FAM,CR-C-familyhome,FAM,display,8035,150,881.15,3234
2026-10-19,DCO2026,AS-SAE,CR-D-bizasset,SAE,facebook,8279,179,755.42,3299
2026-10-19,DCO2026,AS-OPT,CR-E-refi-save,OPT,facebook,7798,132,611.34,3203
2026-10-19,DCO2026,AS-MRL,CR-F-payless,MRL,facebook,14994,371,1214.05,7806
2026-10-19,DCO2026,AS-FHB,CR-G-firsthome,FHB,facebook,21361,311,2169.2,12964
2026-10-19,DCO2026,AS-OPT,CR-H-refi-fast,OPT,facebook,22161,612,2286.16,9363
2026-10-20,DCO2026,AS-FHB,CR-A-ratecut,FHB,facebook,17136,296,1485.96,7720
2026-10-20,DCO2026,AS-FHB,CR-B-calculator,FHB,display,11654,264,1027.34,4653
2026-10-20,DCO2026,AS-FAM,CR-C-familyhome,FAM,google,16084,279,1548.58,6237
2026-10-20,DCO2026,AS-SAE,CR-D-bizasset,SAE,line,5966,199,602.58,2479
2026-10-20,DCO2026,AS-OPT,CR-E-refi-save,OPT,facebook,28298,430,2805.47,10898
2026-10-20,DCO2026,AS-MRL,CR-F-payless,MRL,google,6308,168,486.31,2592
2026-10-20,DCO2026,AS-FHB,CR-G-firsthome,FHB,google,14611,398,842.27,5784
2026-10-20,DCO2026,AS-OPT,CR-H-refi-fast,OPT,google,26822,465,2584.09,12485
2026-10-21,DCO2026,AS-FHB,CR-A-ratecut,FHB,facebook,19237,542,2161.66,8284
2026-10-21,DCO2026,AS-FHB,CR-B-calculator,FHB,facebook,27503,503,2248.27,11281
2026-10-21,DCO2026,AS-FAM,CR-C-familyhome,FAM,facebook,11294,365,1132.36,4294
2026-10-21,DCO2026,AS-SAE,CR-D-bizasset,SAE,facebook,4844,131,461.41,2147
2026-10-21,DCO2026,AS-OPT,CR-E-refi-save,OPT,facebook,12044,274,1053.35,4746
2026-10-21,DCO2026,AS-MRL,CR-F-payless,MRL,facebook,8065,166,798.01,3513
2026-10-21,DCO2026,AS-FHB,CR-G-firsthome,FHB,facebook,22302,515,2887.29,9525
2026-10-21,DCO2026,AS-OPT,CR-H-refi-fast,OPT,facebook,11067,385,1255.95,4204
2026-10-22,DCO2026,AS-FHB,CR-A-ratecut,FHB,line,42200,822,4677.64,23783
2026-10-22,DCO2026,AS-FHB,CR-B-calculator,FHB,facebook,27344,536,2383.48,13741
2026-10-22,DCO2026,AS-FAM,CR-C-familyhome,FAM,google,12576,249,1073.1,6508
2026-10-22,DCO2026,AS-SAE,CR-D-bizasset,SAE,facebook,4813,83,455.32,2884
2026-10-22,DCO2026,AS-OPT,CR-E-refi-save,OPT,google,8826,195,835.45,4046
2026-10-22,DCO2026,AS-MRL,CR-F-payless,MRL,google,8126,155,802.95,3098
2026-10-22,DCO2026,AS-FHB,CR-G-firsthome,FHB,facebook,24781,652,2054.86,10761
2026-10-22,DCO2026,AS-OPT,CR-H-refi-fast,OPT,google,15068,223,1304.8,6144
2026-10-23,DCO2026,AS-FHB,CR-A-ratecut,FHB,facebook,32171,1027,3090.28,11726
2026-10-23,DCO2026,AS-FHB,CR-B-calculator,FHB,facebook,24296,422,2329.38,8622
2026-10-23,DCO2026,AS-FAM,CR-C-familyhome,FAM,google,6020,122,533.89,2526
2026-10-23,DCO2026,AS-SAE,CR-D-bizasset,SAE,display,6433,97,729.08,2276
2026-10-23,DCO2026,AS-OPT,CR-E-refi-save,OPT,google,22524,671,1955.29,9257
2026-10-23,DCO2026,AS-MRL,CR-F-payless,MRL,google,10635,212,1010.43,4960
2026-10-23,DCO2026,AS-FHB,CR-G-firsthome,FHB,google,27539,408,3112.37,12407
2026-10-23,DCO2026,AS-OPT,CR-H-refi-fast,OPT,google,21229,536,1793.05,10921
2026-10-24,DCO2026,AS-FHB,CR-A-ratecut,FHB,google,23331,569,2421.59,10901
2026-10-24,DCO2026,AS-FHB,CR-B-calculator,FHB,line,24082,592,2329.35,10443
2026-10-24,DCO2026,AS-FAM,CR-C-familyhome,FAM,facebook,8560,255,1185.09,3206
2026-10-24,DCO2026,AS-SAE,CR-D-bizasset,SAE,facebook,5318,116,530.67,1799
2026-10-24,DCO2026,AS-OPT,CR-E-refi-save,OPT,google,18457,350,1703.79,9295
2026-10-24,DCO2026,AS-MRL,CR-F-payless,MRL,facebook,6152,149,535.05,2421
2026-10-24,DCO2026,AS-FHB,CR-G-firsthome,FHB,line,13739,214,1451.4,6566
2026-10-24,DCO2026,AS-OPT,CR-H-refi-fast,OPT,line,15816,208,1657.19,6162
2026-10-25,DCO2026,AS-FHB,CR-A-ratecut,FHB,facebook,13021,251,1000.65,5447
2026-10-25,DCO2026,AS-FHB,CR-B-calculator,FHB,google,14769,214,1435.66,7959
2026-10-25,DCO2026,AS-FAM,CR-C-familyhome,FAM,display,10255,154,1143.05,3765
2026-10-25,DCO2026,AS-SAE,CR-D-bizasset,SAE,facebook,4130,93,398.86,1843
2026-10-25,DCO2026,AS-OPT,CR-E-refi-save,OPT,google,20629,528,2329.34,9113
2026-10-25,DCO2026,AS-MRL,CR-F-payless,MRL,google,12421,275,1236.77,5929
2026-10-25,DCO2026,AS-FHB,CR-G-firsthome,FHB,display,13487,326,1579.84,6059
2026-10-25,DCO2026,AS-OPT,CR-H-refi-fast,OPT,facebook,21963,548,2388.0,8558
2026-10-26,DCO2026,AS-FHB,CR-A-ratecut,FHB,google,31425,678,3165.04,13174
2026-10-26,DCO2026,AS-FHB,CR-B-calculator,FHB,line,10851,251,828.23,4256
2026-10-26,DCO2026,AS-FAM,CR-C-familyhome,FAM,display,9180,169,837.91,3586
2026-10-26,DCO2026,AS-SAE,CR-D-bizasset,SAE,line,2909,95,167.29,1016
2026-10-26,DCO2026,AS-OPT,CR-E-refi-save,OPT,google,13600,350,1233.78,5820
2026-10-26,DCO2026,AS-MRL,CR-F-payless,MRL,facebook,4991,55,600.97,2523
2026-10-26,DCO2026,AS-FHB,CR-G-firsthome,FHB,google,15945,284,1770.3,5729
2026-10-26,DCO2026,AS-OPT,CR-H-refi-fast,OPT,facebook,9757,212,857.04,4169
2026-10-27,DCO2026,AS-FHB,CR-A-ratecut,FHB,line,15227,257,1901.32,5412
2026-10-27,DCO2026,AS-FHB,CR-B-calculator,FHB,display,18674,465,1528.92,7236
2026-10-27,DCO2026,AS-FAM,CR-C-familyhome,FAM,google,5399,100,583.55,2234
2026-10-27,DCO2026,AS-SAE,CR-D-bizasset,SAE,facebook,2226,50,218.85,866
2026-10-27,DCO2026,AS-OPT,CR-E-refi-save,OPT,facebook,13935,351,1330.99,4525
2026-10-27,DCO2026,AS-MRL,CR-F-payless,MRL,facebook,4409,83,356.66,1413
2026-10-27,DCO2026,AS-FHB,CR-G-firsthome,FHB,google,10945,338,1015.11,4412
2026-10-27,DCO2026,AS-OPT,CR-H-refi-fast,OPT,facebook,10467,180,954.25,4170
2026-10-28,DCO2026,AS-FHB,CR-A-ratecut,FHB,display,9676,165,622.85,3435
2026-10-28,DCO2026,AS-FHB,CR-B-calculator,FHB,facebook,8373,139,839.34,3803
2026-10-28,DCO2026,AS-FAM,CR-C-familyhome,FAM,line,6035,70,527.97,2340
2026-10-28,DCO2026,AS-SAE,CR-D-bizasset,SAE,display,2654,43,324.58,1077
2026-10-28,DCO2026,AS-OPT,CR-E-refi-save,OPT,line,9426,200,677.05,3664
2026-10-28,DCO2026,AS-MRL,CR-F-payless,MRL,facebook,3254,67,227.73,1475
2026-10-28,DCO2026,AS-FHB,CR-G-firsthome,FHB,display,14968,265,1787.11,7622
2026-10-28,DCO2026,AS-OPT,CR-H-refi-fast,OPT,facebook,9560,94,769.76,5284
2026-10-29,DCO2026,AS-FHB,CR-A-ratecut,FHB,line,13340,317,1259.1,6273
2026-10-29,DCO2026,AS-FHB,CR-B-calculator,FHB,google,8172,171,999.27,3495
2026-10-29,DCO2026,AS-FAM,CR-C-familyhome,FAM,google,3136,58,305.45,1311
2026-10-29,DCO2026,AS-SAE,CR-D-bizasset,SAE,google,6122,139,682.51,1969
2026-10-29,DCO2026,AS-OPT,CR-E-refi-save,OPT,facebook,8102,138,857.67,2851
2026-10-29,DCO2026,AS-MRL,CR-F-payless,MRL,google,6987,116,648.47,3210
2026-10-29,DCO2026,AS-FHB,CR-G-firsthome,FHB,google,13267,198,1656.98,5107
2026-10-29,DCO2026,AS-OPT,CR-H-refi-fast,OPT,facebook,3853,100,428.98,1636
2026-10-30,DCO2026,AS-FHB,CR-A-ratecut,FHB,line,6926,63,791.92,2877
2026-10-30,DCO2026,AS-FHB,CR-B-calculator,FHB,line,19411,417,1533.99,7584
2026-10-30,DCO2026,AS-FAM,CR-C-familyhome,FAM,facebook,5965,160,662.77,2209
2026-10-30,DCO2026,AS-SAE,CR-D-bizasset,SAE,line,3803,86,373.69,1591
2026-10-30,DCO2026,AS-OPT,CR-E-refi-save,OPT,google,9002,205,688.53,3166
2026-10-30,DCO2026,AS-MRL,CR-F-payless,MRL,facebook,7976,170,767.1,3744
2026-10-30,DCO2026,AS-FHB,CR-G-firsthome,FHB,facebook,9212,184,1086.6,3683
2026-10-30,DCO2026,AS-OPT,CR-H-refi-fast,OPT,google,5257,116,539.36,1574
2026-10-31,DCO2026,AS-FHB,CR-A-ratecut,FHB,display,18410,463,1871.63,7120
2026-10-31,DCO2026,AS-FHB,CR-B-calculator,FHB,google,9554,265,817.85,3207
2026-10-31,DCO2026,AS-FAM,CR-C-familyhome,FAM,facebook,10099,275,1027.44,3972
2026-10-31,DCO2026,AS-SAE,CR-D-bizasset,SAE,line,2068,48,238.52,765
2026-10-31,DCO2026,AS-OPT,CR-E-refi-save,OPT,line,12958,303,1386.37,5194
2026-10-31,DCO2026,AS-MRL,CR-F-payless,MRL,facebook,5078,67,493.07,2066
2026-10-31,DCO2026,AS-FHB,CR-G-firsthome,FHB,facebook,14439,232,1275.57,6390
2026-10-31,DCO2026,AS-OPT,CR-H-refi-fast,OPT,line,16331,354,1470.02,6156
2026-11-01,DCO2026,AS-FHB,CR-A-ratecut,FHB,facebook,5395,131,628.06,2400
2026-11-01,DCO2026,AS-FHB,CR-B-calculator,FHB,facebook,17526,497,1840.78,6387
2026-11-01,DCO2026,AS-FAM,CR-C-familyhome,FAM,facebook,5222,61,481.9,1812
2026-11-01,DCO2026,AS-SAE,CR-D-bizasset,SAE,google,2270,60,225.46,858
2026-11-01,DCO2026,AS-OPT,CR-E-refi-save,OPT,display,4652,112,350.38,1912
2026-11-01,DCO2026,AS-MRL,CR-F-payless,MRL,google,4418,103,462.68,1652
2026-11-01,DCO2026,AS-FHB,CR-G-firsthome,FHB,line,11512,177,1170.01,4746
2026-11-01,DCO2026,AS-OPT,CR-H-refi-fast,OPT,facebook,11067,151,1138.02,3907
2026-11-02,DCO2026,AS-FHB,CR-A-ratecut,FHB,display,15992,224,1671.99,8251
2026-11-02,DCO2026,AS-FHB,CR-B-calculator,FHB,line,13146,312,1068.74,5410
2026-11-02,DCO2026,AS-FAM,CR-C-familyhome,FAM,google,3851,126,365.08,2042
2026-11-02,DCO2026,AS-SAE,CR-D-bizasset,SAE,display,1618,24,151.58,790
2026-11-02,DCO2026,AS-OPT,CR-E-refi-save,OPT,display,5524,101,516.49,1848
2026-11-02,DCO2026,AS-MRL,CR-F-payless,MRL,google,4929,124,478.75,1739
2026-11-02,DCO2026,AS-FHB,CR-G-firsthome,FHB,facebook,8650,189,836.0,3755
2026-11-02,DCO2026,AS-OPT,CR-H-refi-fast,OPT,display,14065,314,1474.76,6874
2026-11-03,DCO2026,AS-FHB,CR-A-ratecut,FHB,facebook,14081,359,1255.57,8946
2026-11-03,DCO2026,AS-FHB,CR-B-calculator,FHB,google,9449,127,858.6,3980
2026-11-03,DCO2026,AS-FAM,CR-C-familyhome,FAM,google,9611,242,898.71,2866
2026-11-03,DCO2026,AS-SAE,CR-D-bizasset,SAE,google,2715,57,289.5,1007
2026-11-03,DCO2026,AS-OPT,CR-E-refi-save,OPT,facebook,12340,315,1344.88,5209
2026-11-03,DCO2026,AS-MRL,CR-F-payless,MRL,google,4327,95,358.67,1598
2026-11-03,DCO2026,AS-FHB,CR-G-firsthome,FHB,facebook,15334,186,1269.14,7525
2026-11-03,DCO2026,AS-OPT,CR-H-refi-fast,OPT,facebook,8439,241,993.12,3437
2026-11-04,DCO2026,AS-FHB,CR-A-ratecut,FHB,display,16977,379,1829.25,6529
2026-11-04,DCO2026,AS-FHB,CR-B-calculator,FHB,facebook,11086,217,656.82,4367
2026-11-04,DCO2026,AS-FAM,CR-C-familyhome,FAM,facebook,7192,151,637.38,2541
2026-11-04,DCO2026,AS-SAE,CR-D-bizasset,SAE,google,4680,104,530.0,1745
2026-11-04,DCO2026,AS-OPT,CR-E-refi-save,OPT,facebook,8888,180,882.53,3186
2026-11-04,DCO2026,AS-MRL,CR-F-payless,MRL,facebook,3383,66,338.12,1447
2026-11-04,DCO2026,AS-FHB,CR-G-firsthome,FHB,line,11992,253,1200.93,4185
2026-11-04,DCO2026,AS-OPT,CR-H-refi-fast,OPT,google,10079,224,853.16,3242
2026-11-05,DCO2026,AS-FHB,CR-A-ratecut,FHB,facebook,9149,195,731.11,4054
2026-11-05,DCO2026,AS-FHB,CR-B-calculator,FHB,line,10657,148,860.07,4665
2026-11-05,DCO2026,AS-FAM,CR-C-familyhome,FAM,display,12620,283,1124.92,4169
2026-11-05,DCO2026,AS-SAE,CR-D-bizasset,SAE,facebook,1655,26,128.72,658
2026-11-05,DCO2026,AS-OPT,CR-E-refi-save,OPT,facebook,7861,184,760.83,2578
2026-11-05,DCO2026,AS-MRL,CR-F-payless,MRL,google,4377,67,276.82,1799
2026-11-05,DCO2026,AS-FHB,CR-G-firsthome,FHB,facebook,16371,247,1723.46,5338
2026-11-05,DCO2026,AS-OPT,CR-H-refi-fast,OPT,facebook,8810,303,717.41,3357
2026-11-06,DCO2026,AS-FHB,CR-A-ratecut,FHB,facebook,21396,389,1980.89,7980
2026-11-06,DCO2026,AS-FHB,CR-B-calculator,FHB,facebook,9544,228,917.9,3059
2026-11-06,DCO2026,AS-FAM,CR-C-familyhome,FAM,google,9222,127,982.82,3729
2026-11-06,DCO2026,AS-SAE,CR-D-bizasset,SAE,line,4597,100,445.69,2018
2026-11-06,DCO2026,AS-OPT,CR-E-refi-save,OPT,facebook,10202,163,972.17,4175
2026-11-06,DCO2026,AS-MRL,CR-F-payless,MRL,line,1988,54,189.01,724
2026-11-06,DCO2026,AS-FHB,CR-G-firsthome,FHB,facebook,12855,200,1084.91,6214
2026-11-06,DCO2026,AS-OPT,CR-H-refi-fast,OPT,line,16290,298,1336.97,5801
2026-11-07,DCO2026,AS-FHB,CR-A-ratecut,FHB,google,9691,133,1161.09,3995
2026-11-07,DCO2026,AS-FHB,CR-B-calculator,FHB,display,14364,298,1444.79,4796
2026-11-07,DCO2026,AS-FAM,CR-C-familyhome,FAM,facebook,5770,105,589.46,3206
2026-11-07,DCO2026,AS-SAE,CR-D-bizasset,SAE,google,1989,31,219.11,849
2026-11-07,DCO2026,AS-OPT,CR-E-refi-save,OPT,line,7304,161,930.12,3583
2026-11-07,DCO2026,AS-MRL,CR-F-payless,MRL,google,4588,90,463.67,1970
2026-11-07,DCO2026,AS-FHB,CR-G-firsthome,FHB,facebook,16749,383,1834.78,6223
2026-11-07,DCO2026,AS-OPT,CR-H-refi-fast,OPT,line,9745,224,814.45,3825
2026-11-08,DCO2026,AS-FHB,CR-A-ratecut,FHB,google,9577,183,857.5,3777
2026-11-08,DCO2026,AS-FHB,CR-B-calculator,FHB,google,16166,356,1572.8,6297
2026-11-08,DCO2026,AS-FAM,CR-C-familyhome,FAM,facebook,6643,115,585.07,2469
2026-11-08,DCO2026,AS-SAE,CR-D-bizasset,SAE,facebook,3069,54,319.2,1346
2026-11-08,DCO2026,AS-OPT,CR-E-refi-save,OPT,facebook,13706,297,1519.85,4790
2026-11-08,DCO2026,AS-MRL,CR-F-payless,MRL,google,3971,105,375.99,1395
2026-11-08,DCO2026,AS-FHB,CR-G-firsthome,FHB,facebook,11578,226,977.82,4207
2026-11-08,DCO2026,AS-OPT,CR-H-refi-fast,OPT,display,7888,142,666.88,2807
2026-11-09,DCO2026,AS-FHB,CR-A-ratecut,FHB,google,10501,345,833.89,3838
2026-11-09,DCO2026,AS-FHB,CR-B-calculator,FHB,facebook,5427,135,563.92,1630
2026-11-09,DCO2026,AS-FAM,CR-C-familyhome,FAM,line,4762,100,542.25,1828
2026-11-09,DCO2026,AS-SAE,CR-D-bizasset,SAE,google,3029,82,256.49,1197
2026-11-09,DCO2026,AS-OPT,CR-E-refi-save,OPT,facebook,15092,251,1603.63,6346
2026-11-09,DCO2026,AS-MRL,CR-F-payless,MRL,display,6060,132,563.62,2654
2026-11-09,DCO2026,AS-FHB,CR-G-firsthome,FHB,line,18960,407,1658.48,8577
2026-11-09,DCO2026,AS-OPT,CR-H-refi-fast,OPT,google,10571,230,983.57,4533
